Hero,similarity
Genji,0.9779179895100676
Hanzo,0.955414916935379
Tracer,0.5708856528572126
Ana,0.1559505970687765
Kiriko,-0.08137808450808634
Mercy,-0.3525556525010236
Zarya,-0.40888075140771696
Reinhardt,-0.5500823869876721
