Hero,similarity
Kiriko,0.6478800726524517
Ana,0.6470155801944683
Mercy,0.4664476089022016
Zarya,0.0399152599554096
Hanzo,-0.1269333282836852
Genji,-0.15071402365094805
Tracer,-0.17686746240408824
Reinhardt,-0.23324594048900738
