Hero,similarity
Genji,0.9792107942250061
Hanzo,0.9593271000496038
Tracer,0.6019564808037173
Ana,0.18659752482418873
Kiriko,-0.056427325568252494
Mercy,-0.2783716155468342
Ramattra,-0.4024940621376415
Zarya,-0.4724175818950326
Reinhardt,-0.5534087345562694
